<?xml version="1.0" encoding="UTF-8"?>
<project-private xmlns="http://www.netbeans.org/ns/project-private/1">
    <editor-bookmarks xmlns="http://www.netbeans.org/ns/editor-bookmarks/2" lastBookmarkId="0"/>
    <open-files xmlns="http://www.netbeans.org/ns/projectui-open-files/2">
        <group>
            <file>file:/C:/Users/t203/Documents/NetBeansProjects/Laboratorio5/src/laboratorio5/Laboratorio5.java</file>
            <file>file:/C:/Users/t203/Documents/NetBeansProjects/Laboratorio5/src/laboratorio5/List.java</file>
            <file>file:/C:/Users/t203/Documents/NetBeansProjects/Laboratorio5/src/laboratorio5/LinkedPositionalList.java</file>
            <file>file:/C:/Users/t203/Documents/NetBeansProjects/Laboratorio5/src/laboratorio5/PositionalList.java</file>
            <file>file:/C:/Users/t203/Documents/NetBeansProjects/Laboratorio5/src/laboratorio5/DoubleLinkedList.java</file>
            <file>file:/C:/Users/t203/Documents/NetBeansProjects/Laboratorio5/src/laboratorio5/Position.java</file>
            <file>file:/C:/Users/t203/Documents/NetBeansProjects/Laboratorio5/src/laboratorio5/Tree.java</file>
        </group>
    </open-files>
</project-private>
